{
  "schema_version": "1.0.0",
  "old_run_dir": "artifacts/benchmark/legacy_20251214/stage1_runs/runs/gpt-5-nano_s1_zero_fulldev_20251121_033420",
  "new_run_dir": "artifacts/benchmark/legacy_20251214/stage1_runs/runs/gpt-5-nano_s1_few_fulldev_20251121_040727",
  "split": "DEV",
  "alpha": 0.05,
  "join_counts": {
    "n_old_rows": 135,
    "n_new_rows": 135,
    "n_joined_rows": 135
  },
  "old_metrics": {
    "tp": 26,
    "fp": 94,
    "fn": 0,
    "tn": 12,
    "precision": 0.21666666666666667,
    "recall": 1.0,
    "f1": 0.3561643835616438,
    "accuracy": 0.2878787878787879,
    "excluded": 3
  },
  "new_metrics": {
    "tp": 26,
    "fp": 71,
    "fn": 0,
    "tn": 25,
    "precision": 0.26804123711340205,
    "recall": 1.0,
    "f1": 0.42276422764227645,
    "accuracy": 0.4180327868852459,
    "excluded": 13
  },
  "mcnemar": {
    "b": 0,
    "c": 11,
    "n": 11,
    "p_value": 0.0009765625,
    "eligible_rows": 119
  },
  "distribution_shift": {
    "counts": {
      "old": {
        "y": 120,
        "n": 12,
        "u": 3
      },
      "new": {
        "y": 97,
        "n": 25,
        "u": 13
      }
    },
    "chi2": 13.255355586000748,
    "dof": 2,
    "p_value": 0.0013232323403221352,
    "flag": true
  },
  "decision": "accept",
  "decision_reason": "mcnemar_improvement",
  "artifacts": {
    "gating_summary_path": "artifacts/benchmark/gating/gpt-5-nano_s1_zero_fulldev_20251121_033420vsgpt-5-nano_s1_few_fulldev_20251121_040727__dev/gating_summary.json",
    "paired_rows_path": "artifacts/benchmark/gating/gpt-5-nano_s1_zero_fulldev_20251121_033420vsgpt-5-nano_s1_few_fulldev_20251121_040727__dev/paired_rows.csv"
  }
}